-- Tiered chest pools + battle tier pools (scaled rewards). Same row weights (40/35/25) within each pool.

-- ---------------------------------------------------------------------------
-- Pools (fixed UUIDs for admin + seeds)
-- ---------------------------------------------------------------------------

INSERT INTO public.loot_pools (id, name, notes)
VALUES
  ('a0000003-0000-4000-8000-000000000001', 'Chest — Small', 'tier: small — lowest payouts'),
  ('a0000004-0000-4000-8000-000000000001', 'Chest — Silver', 'tier: silver'),
  ('a0000005-0000-4000-8000-000000000001', 'Chest — Medium', 'tier: medium'),
  ('a0000006-0000-4000-8000-000000000001', 'Chest — Large', 'tier: large — best chest'),
  ('a0000007-0000-4000-8000-000000000001', 'Battle — Tier 1', 'weak mobs / low level'),
  ('a0000008-0000-4000-8000-000000000001', 'Battle — Tier 2', 'mid-low'),
  ('a0000009-0000-4000-8000-000000000001', 'Battle — Tier 3', 'standard'),
  ('a000000a-0000-4000-8000-000000000001', 'Battle — Tier 4', 'strong'),
  ('a000000b-0000-4000-8000-000000000001', 'Battle — Tier 5', 'boss / endgame')
ON CONFLICT (id) DO NOTHING;

-- Chest entries: 40% / 35% / 25% — values scale by tier (exp, coins, gems on top row)
INSERT INTO public.loot_pool_entries (id, loot_pool_id, weight, sort_order, exp_delta, coins_delta, gems_delta, shop_item_id, quantity)
VALUES
  ('d0000001-0000-4000-8000-000000000001', 'a0000003-0000-4000-8000-000000000001', 40, 1, 35, 110, 0, NULL, 1),
  ('d0000002-0000-4000-8000-000000000001', 'a0000003-0000-4000-8000-000000000001', 35, 2, 52, 185, 0, NULL, 1),
  ('d0000003-0000-4000-8000-000000000001', 'a0000003-0000-4000-8000-000000000001', 25, 3, 72, 290, 0, NULL, 1),

  ('d0000004-0000-4000-8000-000000000001', 'a0000004-0000-4000-8000-000000000001', 40, 1, 48, 155, 0, NULL, 1),
  ('d0000005-0000-4000-8000-000000000001', 'a0000004-0000-4000-8000-000000000001', 35, 2, 70, 245, 0, NULL, 1),
  ('d0000006-0000-4000-8000-000000000001', 'a0000004-0000-4000-8000-000000000001', 25, 3, 98, 380, 0, NULL, 1),

  ('d0000007-0000-4000-8000-000000000001', 'a0000005-0000-4000-8000-000000000001', 40, 1, 62, 205, 0, NULL, 1),
  ('d0000008-0000-4000-8000-000000000001', 'a0000005-0000-4000-8000-000000000001', 35, 2, 92, 330, 0, NULL, 1),
  ('d0000009-0000-4000-8000-000000000001', 'a0000005-0000-4000-8000-000000000001', 25, 3, 125, 495, 1, NULL, 1),

  ('d000000a-0000-4000-8000-000000000001', 'a0000006-0000-4000-8000-000000000001', 40, 1, 95, 320, 0, NULL, 1),
  ('d000000b-0000-4000-8000-000000000001', 'a0000006-0000-4000-8000-000000000001', 35, 2, 140, 520, 1, NULL, 1),
  ('d000000c-0000-4000-8000-000000000001', 'a0000006-0000-4000-8000-000000000001', 25, 3, 195, 780, 2, NULL, 1)
ON CONFLICT (id) DO NOTHING;

-- Battle tiers: ramp exp/coins; gems appear on higher tiers / best row
INSERT INTO public.loot_pool_entries (id, loot_pool_id, weight, sort_order, exp_delta, coins_delta, gems_delta, shop_item_id, quantity)
VALUES
  ('d000000d-0000-4000-8000-000000000001', 'a0000007-0000-4000-8000-000000000001', 40, 1, 160, 48, 0, NULL, 1),
  ('d000000e-0000-4000-8000-000000000001', 'a0000007-0000-4000-8000-000000000001', 35, 2, 200, 62, 0, NULL, 1),
  ('d000000f-0000-4000-8000-000000000001', 'a0000007-0000-4000-8000-000000000001', 25, 3, 250, 78, 0, NULL, 1),

  ('d0000010-0000-4000-8000-000000000001', 'a0000008-0000-4000-8000-000000000001', 40, 1, 260, 78, 0, NULL, 1),
  ('d0000011-0000-4000-8000-000000000001', 'a0000008-0000-4000-8000-000000000001', 35, 2, 320, 98, 0, NULL, 1),
  ('d0000012-0000-4000-8000-000000000001', 'a0000008-0000-4000-8000-000000000001', 25, 3, 400, 125, 0, NULL, 1),

  ('d0000013-0000-4000-8000-000000000001', 'a0000009-0000-4000-8000-000000000001', 40, 1, 400, 118, 0, NULL, 1),
  ('d0000014-0000-4000-8000-000000000001', 'a0000009-0000-4000-8000-000000000001', 35, 2, 480, 148, 0, NULL, 1),
  ('d0000015-0000-4000-8000-000000000001', 'a0000009-0000-4000-8000-000000000001', 25, 3, 580, 188, 0, NULL, 1),

  ('d0000016-0000-4000-8000-000000000001', 'a000000a-0000-4000-8000-000000000001', 40, 1, 560, 165, 0, NULL, 1),
  ('d0000017-0000-4000-8000-000000000001', 'a000000a-0000-4000-8000-000000000001', 35, 2, 670, 198, 0, NULL, 1),
  ('d0000018-0000-4000-8000-000000000001', 'a000000a-0000-4000-8000-000000000001', 25, 3, 800, 245, 1, NULL, 1),

  ('d0000019-0000-4000-8000-000000000001', 'a000000b-0000-4000-8000-000000000001', 40, 1, 780, 235, 0, NULL, 1),
  ('d000001a-0000-4000-8000-000000000001', 'a000000b-0000-4000-8000-000000000001', 35, 2, 940, 285, 1, NULL, 1),
  ('d000001b-0000-4000-8000-000000000001', 'a000000b-0000-4000-8000-000000000001', 25, 3, 1150, 355, 2, NULL, 1)
ON CONFLICT (id) DO NOTHING;

-- Map chest tiers → distinct pools
INSERT INTO public.loot_source_map (source_type, source_id, loot_pool_id)
VALUES
  ('chest', 'small', 'a0000003-0000-4000-8000-000000000001'),
  ('chest', 'silver', 'a0000004-0000-4000-8000-000000000001'),
  ('chest', 'medium', 'a0000005-0000-4000-8000-000000000001'),
  ('chest', 'large', 'a0000006-0000-4000-8000-000000000001')
ON CONFLICT (source_type, source_id) DO UPDATE SET loot_pool_id = EXCLUDED.loot_pool_id;

-- Battle: default + tier keys (client sends battle_tier_N)
INSERT INTO public.loot_source_map (source_type, source_id, loot_pool_id)
VALUES
  ('battle', 'default', 'a0000009-0000-4000-8000-000000000001'),
  ('battle', 'battle_tier_1', 'a0000007-0000-4000-8000-000000000001'),
  ('battle', 'battle_tier_2', 'a0000008-0000-4000-8000-000000000001'),
  ('battle', 'battle_tier_3', 'a0000009-0000-4000-8000-000000000001'),
  ('battle', 'battle_tier_4', 'a000000a-0000-4000-8000-000000000001'),
  ('battle', 'battle_tier_5', 'a000000b-0000-4000-8000-000000000001')
ON CONFLICT (source_type, source_id) DO UPDATE SET loot_pool_id = EXCLUDED.loot_pool_id;
